<?xml version="1.0" encoding="UTF-8"?>
<project-private xmlns="http://www.netbeans.org/ns/project-private/1">
    <editor-bookmarks xmlns="http://www.netbeans.org/ns/editor-bookmarks/2" lastBookmarkId="0"/>
    <open-files xmlns="http://www.netbeans.org/ns/projectui-open-files/2">
        <group name="Group 20211215-11:51:59">
            <file>file:/C:/Users/ASUS/Documents/NetBeansProjects/libraryBR/web/viewbooks.jsp</file>
            <file>file:/C:/Users/ASUS/Documents/NetBeansProjects/libraryBR/web/borrowConfirm.jsp</file>
            <file>file:/C:/Users/ASUS/Documents/NetBeansProjects/libraryBR/web/ViewStaffList.jsp</file>
            <file>file:/C:/Users/ASUS/Documents/NetBeansProjects/libraryBR/web/addStaff.html</file>
            <file>file:/C:/Users/ASUS/Documents/NetBeansProjects/libraryBR/web/ConfirmedLoginStaff.jsp</file>
            <file>file:/C:/Users/ASUS/Documents/NetBeansProjects/libraryBR/src/java/staff/staff.java</file>
            <file>file:/C:/Users/ASUS/Documents/NetBeansProjects/libraryBR/web/ConfirmedRegister.jsp</file>
            <file>file:/C:/Users/ASUS/Documents/NetBeansProjects/libraryBR/src/java/book/Book.java</file>
            <file>file:/C:/Users/ASUS/Documents/NetBeansProjects/libraryBR/web/borrowform.jsp</file>
            <file>file:/C:/Users/ASUS/Documents/NetBeansProjects/libraryBR/web/ConfirmedAddStaff.jsp</file>
            <file>file:/C:/Users/ASUS/Documents/NetBeansProjects/libraryBR/web/addBookTemplate.css</file>
            <file>file:/C:/Users/ASUS/Documents/NetBeansProjects/libraryBR/web/ConfirmedLogin.jsp</file>
            <file>file:/C:/Users/ASUS/Documents/NetBeansProjects/libraryBR/web/returnbook.jsp</file>
            <file>file:/C:/Users/ASUS/Documents/NetBeansProjects/libraryBR/src/java/cust/bean/customer.java</file>
            <file>file:/C:/Users/ASUS/Documents/NetBeansProjects/libraryBR/web/ViewCustomerList.jsp</file>
            <file>file:/C:/Users/ASUS/Documents/NetBeansProjects/libraryBR/web/UpdateBook.jsp</file>
            <file>file:/C:/Users/ASUS/Documents/NetBeansProjects/libraryBR/web/borrowedBook.jsp</file>
            <file>file:/C:/Users/ASUS/Documents/NetBeansProjects/libraryBR/web/DeleteBook.jsp</file>
            <file>file:/C:/Users/ASUS/Documents/NetBeansProjects/libraryBR/web/WEB-INF/web.xml</file>
            <file>file:/C:/Users/ASUS/Documents/NetBeansProjects/libraryBR/web/UpdateStaff.jsp</file>
            <file>file:/C:/Users/ASUS/Documents/NetBeansProjects/libraryBR/web/newBook.jsp</file>
            <file>file:/C:/Users/ASUS/Documents/NetBeansProjects/libraryBR/web/DeleteBorrow.jsp</file>
            <file>file:/C:/Users/ASUS/Documents/NetBeansProjects/libraryBR/web/Login.jsp</file>
        </group>
        <group>
            <file>file:/C:/Users/adamt/OneDrive/Desktop/Megah%20Arena/BookingTennis/web/addCourt.html</file>
            <file>file:/C:/Users/adamt/OneDrive/Desktop/Megah%20Arena/BookingTennis/web/updateCust.jsp</file>
            <file>file:/C:/Users/adamt/OneDrive/Desktop/Megah%20Arena/BookingTennis/web/ConfirmAddCourt.jsp</file>
            <file>file:/C:/Users/adamt/OneDrive/Desktop/Megah%20Arena/BookingTennis/src/java/guest/bean/customer.java</file>
            <file>file:/C:/Users/adamt/OneDrive/Desktop/Megah%20Arena/BookingTennis/web/Register.html</file>
            <file>file:/C:/Users/adamt/OneDrive/Desktop/Megah%20Arena/BookingTennis/web/WEB-INF/web.xml</file>
            <file>file:/C:/Users/adamt/OneDrive/Desktop/Megah%20Arena/BookingTennis/web/UpdateStaff.jsp</file>
            <file>file:/C:/Users/adamt/OneDrive/Desktop/Megah%20Arena/BookingTennis/web/DeleteBook.jsp</file>
            <file>file:/C:/Users/adamt/OneDrive/Desktop/Megah%20Arena/BookingTennis/src/java/connection/DBConnection.java</file>
            <file>file:/C:/Users/adamt/OneDrive/Desktop/Megah%20Arena/BookingTennis/web/ViewCustomerList.jsp</file>
        </group>
    </open-files>
</project-private>
